name,email,phone
Rivera,j.rivera24@hotmail.com,360-245-6987
Phillips,isaacjoseph@outlook.com,629-424-2453
Ross,m.ross@rocketmail.com,702-025-6721
Lewis,hjlewis@aol.com,220-616-2376
Walker,amandamariewalker@live.com,216-598-6288
Brown,mark_eugene_brown@gmail.com,310-541-4009
Rivera,k_rivera93@yahoo.com,316-718-7141
Moore,j.moore@live.com,935-394-9094
Bell,n_j_bell@ymail.com,224-411-8208
Johnson,samantha_m_johnson@rocketmail.com,361-420-9965
Harris,s_m_harris94@aol.com,503-754-6297
Campbell,nicole.r.campbell30@gmail.com,970-287-4684
Turner,samuelturner16@aol.com,313-040-9198
Garcia,i_garcia87@live.com,501-983-9248
Diaz,jdiaz@gmail.com,724-010-5059
Peterson,benjamin.r.peterson@yahoo.com,927-399-5086
Johnson,r.s.johnson30@rocketmail.com,505-671-2080
Ross,david.alan.ross@live.com,580-727-3471
Cook,timothycook@yahoo.com,779-330-6862
Wright,christina_louise_wright@ymail.com,978-358-0644
Lee,s_lee@ymail.com,971-139-1827
Garcia,olivergarcia@rocketmail.com,813-011-9518
Perry,e.perry@hotmail.com,346-265-3670
Wood,grace_wood96@outlook.com,505-239-4224
Lee,austinlee18@hotmail.com,845-417-3050
Long,charlotte.long@ymail.com,914-488-0639
Mitchell,alexis_mitchell@rocketmail.com,336-653-2411
Cook,jcook@hotmail.com,440-698-9225
Lee,s_lee@yahoo.com,385-379-6506
Clark,v.a@aol.com,813-824-0263
Kelly,d_s_kelly@aol.com,412-072-3565
Howard,alexis_renee_howard@outlook.com,321-693-5560
King,s.r.king@rocketmail.com,385-842-8315
Martinez,jmartinez@aol.com,435-551-4967
Reed,greed41@outlook.com,575-672-7809
Hughes,patrick_thomas_hughes@gmail.com,959-080-0093
Diaz,ethan.scott.diaz@aol.com,747-960-6139
Walker,dwalker@hotmail.com,978-318-0457
Patterson,joshuajosephpatterson@outlook.com,617-790-0574
King,a.king49@gmail.com,412-042-2994
Butler,briannambutler@gmail.com,414-377-0507
Baker,l.baker@live.com,779-591-8750
Williams,s.m.williams@hotmail.com,276-751-9595
Rodriguez,a_rodriguez@hotmail.com,814-952-0920
Foster,alexis_renee_foster@ymail.com,501-271-5042
Roberts,isabellaroberts55@live.com,305-576-8561
Young,w.f.young@gmail.com,272-919-8245
Griffin,jennifer_griffin@live.com,609-459-8557
Thomas,matthew_thomas@aol.com,732-483-6510
Price,t.g.price72@gmail.com,303-773-0561
Washington,j_washington8@hotmail.com,731-455-7106
Cooper,a_cooper78@aol.com,805-419-5580
Wright,gabriel.a.wright@gmail.com,408-106-8732
Griffin,lrgriffin@gmail.com,320-362-1471
Barnes,henry_a_barnes@rocketmail.com,352-753-5038
Cox,nicole.anne.cox@ymail.com,608-971-4007
Morris,adam.h.morris@yahoo.com,217-898-0190
Bennett,a_e_bennett@yahoo.com,405-998-0883
Carter,ekcarter@gmail.com,361-256-8815
Johnson,m_j@hotmail.com,813-340-8004
Walker,nicholas_walker@hotmail.com,978-663-9482
Parker,sofia_parker@gmail.com,703-464-8446
Martin,olivia_renee_martin@yahoo.com,619-389-8035
Brooks,abrooks@hotmail.com,774-390-1999
Roberts,b_e_roberts@aol.com,870-916-2703
Walker,richard_joseph_walker4@gmail.com,617-566-3245
Gonzales,t.gonzales87@aol.com,832-902-2771
Coleman,joseph.coleman@aol.com,470-871-9808
Kelly,sa18@ymail.com,737-873-5882
Taylor,henry_e_taylor@aol.com,223-929-3720
Russell,sarah.sue.russell@rocketmail.com,720-993-4248
Martin,mateo_martin@live.com,319-768-5242
Watson,ryan.watson27@yahoo.com,530-469-5997
Rodriguez,mark_w_rodriguez@ymail.com,816-779-1146
Ward,b_m28@aol.com,415-097-7946
Miller,kmiller@gmail.com,747-784-7441
Jenkins,ericjenkins@gmail.com,858-337-9425
Edwards,hedwards@hotmail.com,760-598-6123
Walker,a.a.walker@live.com,276-394-6128
Russell,arussell@aol.com,646-961-5006
Smith,michelle_l_smith@outlook.com,940-406-7551
Wilson,heather.marie.wilson@ymail.com,575-244-9919
Moore,j_moore@live.com,252-364-2129
Howard,s_howard33@live.com,419-090-3026
Collins,ambermaycollins@ymail.com,662-984-4016
Wilson,avadawn@outlook.com,623-190-1422
Thompson,cthompson@outlook.com,858-895-8374
Taylor,mary.taylor@rocketmail.com,678-253-7948
Brooks,r.a@gmail.com,725-098-0105
Morgan,r_morgan50@yahoo.com,307-590-9914
Smith,evelyn_ann_smith8@outlook.com,262-497-0737
Long,ryan.long@live.com,860-865-6821
Sanders,michaelsanders@ymail.com,351-450-4124
Gray,aiden.david.gray@live.com,310-817-9174
Kelly,dkelly74@ymail.com,617-414-6964
Phillips,m_phillips@outlook.com,231-134-2462
Green,danielle.green14@ymail.com,931-400-6351
Washington,b.washington@gmail.com,330-697-0313
Washington,amwashington@rocketmail.com,267-828-6522
Cooper,charles_t_cooper80@outlook.com,815-136-3329
